[7345891.6572108008,3524985.3319260404] "cat: 1" 1:(9) => 874994.000000000000000000,87806.000000000000000000,2670262.000000000000000000,789.000000000000000000,6866.000000000000000000,253051.000000000000000000,451352.000000000000000000,2801761.000000000000000000,7316.000000000000000000
[2232991.6572108008,4175085.3319260404] "cat: 2" 1:(9) => 159963.000000000000000000,111546.000000000000000000,17514.000000000000000000,887.000000000000000000,2559.000000000000000000,10009.000000000000000000,4286.000000000000000000,5670.000000000000000000,9564.000000000000000000
[298291.6572108008,2968485.3319260404] "cat: 3" 1:(9) => 1172452.000000000000000000,218789.000000000000000000,902.000000000000000000,240.000000000000000000,22874.000000000000000000,184298.000000000000000000,902401.000000000000000000,23126207.000000000000000000,25408.000000000000000000
[-18953608.3427891992,-1553714.6680739596] "cat: 4" 1:(9) => 1351.000000000000000000,908.000000000000000000,0.000000000000000000,0.000000000000000000,9.000000000000000000,0.000000000000000000,76.000000000000000000,0.000000000000000000,1395.000000000000000000
[175291.6572108008,4292685.3319260404] "cat: 5" 1:(9) => 53.000000000000000000,3140.000000000000000000,1188.000000000000000000,0.000000000000000000,31.000000000000000000,3.000000000000000000,427.000000000000000000,174.000000000000000000,0.000000000000000000
[1952491.6572108008,-1343414.6680739596] "cat: 6" 1:(9) => 799306.000000000000000000,8322232.000000000000000000,1851842.000000000000000000,80950.000000000000000000,8292.000000000000000000,2446625.000000000000000000,3840.000000000000000000,323649.000000000000000000,40195.000000000000000000
[-6879808.3427891992,1882485.3319260404] "cat: 7" 1:(9) => 212.000000000000000000,2188.000000000000000000,1435.000000000000000000,445.000000000000000000,124.000000000000000000,15.000000000000000000,2.000000000000000000,0.000000000000000000,2093.000000000000000000
[5292091.6572108008,4103385.3319260404] "cat: 8" 1:(9) => 574640.000000000000000000,116654.000000000000000000,42265.000000000000000000,401.000000000000000000,9095.000000000000000000,60263.000000000000000000,93542.000000000000000000,45551.000000000000000000,21297.000000000000000000
[-7230208.3427891992,-3577514.6680739596] "cat: 9" 1:(9) => 7241509.000000000000000000,4081336.000000000000000000,944589.000000000000000000,1035108.000000000000000000,63340.000000000000000000,10377962.000000000000000000,5200834.000000000000000000,1491263.000000000000000000,496843.000000000000000000
[14960491.6572108008,-2704514.6680739596] "cat: 10" 1:(9) => 6983707.000000000000000000,9983478.000000000000000000,13416871.000000000000000000,1112369.000000000000000000,127626.000000000000000000,18476731.000000000000000000,31275705.000000000000000000,3955621.000000000000000000,409846.000000000000000000
[1573591.6572108008,4688385.3319260404] "cat: 11" 1:(9) => 211907.000000000000000000,508841.000000000000000000,137257.000000000000000000,1381.000000000000000000,25790.000000000000000000,0.000000000000000000,12868.000000000000000000,26389.000000000000000000,7269.000000000000000000
[-8532508.3427891992,2612685.3319260404] "cat: 12" 1:(9) => 2955.000000000000000000,63302.000000000000000000,15635.000000000000000000,31624.000000000000000000,1297.000000000000000000,170.000000000000000000,496.000000000000000000,53.000000000000000000,86008.000000000000000000
[5625991.6572108008,2787585.3319260404] "cat: 13" 1:(9) => 289.000000000000000000,66.000000000000000000,0.000000000000000000,16.000000000000000000,2934.000000000000000000,0.000000000000000000,281.000000000000000000,4345.000000000000000000,1311.000000000000000000
[10050691.6572108008,2557485.3319260404] "cat: 14" 1:(9) => 1174316.000000000000000000,189816.000000000000000000,13400.000000000000000000,4025.000000000000000000,6743.000000000000000000,49511.000000000000000000,180.000000000000000000,2283.000000000000000000,144989.000000000000000000
[5002891.6572108008,4104285.3319260404] "cat: 15" 1:(9) => 187819.000000000000000000,66639.000000000000000000,37104.000000000000000000,130.000000000000000000,6194.000000000000000000,7763.000000000000000000,4506.000000000000000000,4452.000000000000000000,14783.000000000000000000
[-6629908.3427891992,1444185.3319260404] "cat: 16" 1:(9) => 3486.000000000000000000,468.000000000000000000,58.000000000000000000,13.000000000000000000,717.000000000000000000,0.000000000000000000,4.000000000000000000,0.000000000000000000,644.000000000000000000
[518791.6572108008,4911285.3319260404] "cat: 17" 1:(9) => 173593.000000000000000000,75847.000000000000000000,50293.000000000000000000,1152.000000000000000000,38348.000000000000000000,0.000000000000000000,56.000000000000000000,66.000000000000000000,2216.000000000000000000
[-7210408.3427891992,3390885.3319260404] "cat: 18" 1:(9) => 31.000000000000000000,0.000000000000000000,0.000000000000000000,96.000000000000000000,48.000000000000000000,0.000000000000000000,382.000000000000000000,0.000000000000000000,966.000000000000000000
[10066291.6572108008,2920185.3319260404] "cat: 19" 1:(9) => 16012.000000000000000000,334477.000000000000000000,69171.000000000000000000,18.000000000000000000,7.000000000000000000,3866.000000000000000000,617.000000000000000000,20052.000000000000000000,244.000000000000000000
[-7198408.3427891992,-1815314.6680739596] "cat: 20" 1:(9) => 859359.000000000000000000,6830903.000000000000000000,1111908.000000000000000000,325742.000000000000000000,11458.000000000000000000,999436.000000000000000000,765800.000000000000000000,988408.000000000000000000,144181.000000000000000000
[1980391.6572108008,4423785.3319260404] "cat: 21" 1:(9) => 167081.000000000000000000,326763.000000000000000000,56789.000000000000000000,652.000000000000000000,3995.000000000000000000,8714.000000000000000000,376.000000000000000000,114.000000000000000000,2982.000000000000000000
[2651491.6572108008,-2389214.6680739596] "cat: 22" 1:(9) => 384418.000000000000000000,545319.000000000000000000,344121.000000000000000000,84952.000000000000000000,3317.000000000000000000,4947950.000000000000000000,6288.000000000000000000,101518.000000000000000000,4730.000000000000000000
[-5914108.3427891992,-1142114.6680739596] "cat: 23" 1:(9) => 23502239.000000000000000000,48339124.000000000000000000,4938144.000000000000000000,1558769.000000000000000000,247997.000000000000000000,14231786.000000000000000000,16217.000000000000000000,41265.000000000000000000,1674274.000000000000000000
[-9870808.3427891992,1874985.3319260404] "cat: 24" 1:(9) => 27490.000000000000000000,200711.000000000000000000,3374.000000000000000000,1289.000000000000000000,296.000000000000000000,4143.000000000000000000,0.000000000000000000,93.000000000000000000,17901.000000000000000000
[17757391.6572108008,-973214.6680739596] "cat: 25" 1:(9) => 4488.000000000000000000,302562.000000000000000000,0.000000000000000000,0.000000000000000000,144.000000000000000000,23.000000000000000000,36.000000000000000000,0.000000000000000000,66659.000000000000000000
[-7183108.3427891992,2009385.3319260404] "cat: 26" 1:(9) => 9.000000000000000000,833.000000000000000000,137.000000000000000000,270.000000000000000000,129.000000000000000000,0.000000000000000000,4.000000000000000000,0.000000000000000000,2498.000000000000000000
[12774391.6572108008,500985.3319260404] "cat: 27" 1:(9) => 7757.000000000000000000,55070.000000000000000000,0.000000000000000000,0.000000000000000000,641.000000000000000000,22.000000000000000000,10.000000000000000000,0.000000000000000000,2052.000000000000000000
[2808091.6572108008,4309485.3319260404] "cat: 28" 1:(9) => 703749.000000000000000000,473764.000000000000000000,20979.000000000000000000,1289.000000000000000000,22157.000000000000000000,2424.000000000000000000,1514.000000000000000000,6256.000000000000000000,14365.000000000000000000
[10743691.6572108008,2264085.3319260404] "cat: 29" 1:(9) => 2534733.000000000000000000,3745780.000000000000000000,73990.000000000000000000,6873.000000000000000000,10019.000000000000000000,966206.000000000000000000,216.000000000000000000,464.000000000000000000,176405.000000000000000000
[3327091.6572108008,-371714.6680739596] "cat: 30" 1:(9) => 170587.000000000000000000,42441.000000000000000000,37923.000000000000000000,2805.000000000000000000,951.000000000000000000,22537.000000000000000000,0.000000000000000000,0.000000000000000000,22283.000000000000000000
[3122491.6572108008,5107785.3319260404] "cat: 31" 1:(9) => 1214531.000000000000000000,997069.000000000000000000,37889.000000000000000000,4647.000000000000000000,19543.000000000000000000,0.000000000000000000,100.000000000000000000,11.000000000000000000,24750.000000000000000000
[11678491.6572108008,1392885.3319260404] "cat: 32" 1:(9) => 878459.000000000000000000,950897.000000000000000000,12251.000000000000000000,71350.000000000000000000,1449.000000000000000000,56479.000000000000000000,31.000000000000000000,224.000000000000000000,50408.000000000000000000
[1417891.6572108008,626985.3319260404] "cat: 33" 1:(9) => 782927.000000000000000000,3986492.000000000000000000,140706.000000000000000000,20155.000000000000000000,6768.000000000000000000,202110.000000000000000000,0.000000000000000000,162.000000000000000000,44690.000000000000000000
[-10867408.3427891992,5369385.3319260404] "cat: 34" 1:(9) => 6313411.000000000000000000,52167636.000000000000000000,2671880.000000000000000000,866697.000000000000000000,125309.000000000000000000,4224549.000000000000000000,25544325.000000000000000000,6532218.000000000000000000,13417196.000000000000000000
[-2669908.3427891992,1742085.3319260404] "cat: 35" 1:(9) => 3248.000000000000000000,1708.000000000000000000,6226.000000000000000000,4.000000000000000000,342.000000000000000000,15110.000000000000000000,741.000000000000000000,16285.000000000000000000,8237.000000000000000000
[-8997508.3427891992,2109885.3319260404] "cat: 36" 1:(9) => 452.000000000000000000,2082.000000000000000000,13.000000000000000000,73.000000000000000000,96.000000000000000000,0.000000000000000000,5.000000000000000000,0.000000000000000000,1669.000000000000000000
[2280091.6572108008,724785.3319260404] "cat: 37" 1:(9) => 145502.000000000000000000,5637123.000000000000000000,706190.000000000000000000,1513.000000000000000000,1631.000000000000000000,385209.000000000000000000,0.000000000000000000,78.000000000000000000,13545.000000000000000000
[8982691.6572108008,841485.3319260404] "cat: 38" 1:(9) => 358654.000000000000000000,255883.000000000000000000,1388.000000000000000000,2.000000000000000000,10082.000000000000000000,89105.000000000000000000,814.000000000000000000,178.000000000000000000,31456.000000000000000000
[2077291.6572108008,1668285.3319260404] "cat: 39" 1:(9) => 2615254.000000000000000000,494724.000000000000000000,1432617.000000000000000000,74138.000000000000000000,2598.000000000000000000,1478768.000000000000000000,838979.000000000000000000,7133280.000000000000000000,40329.000000000000000000
[-7938208.3427891992,-3730214.6680739596] "cat: 40" 1:(9) => 541892.000000000000000000,2638634.000000000000000000,376634.000000000000000000,3620.000000000000000000,21886.000000000000000000,1351752.000000000000000000,1316605.000000000000000000,1863300.000000000000000000,630099.000000000000000000
[11535391.6572108008,3692985.3319260404] "cat: 41" 1:(9) => 30402119.000000000000000000,19520389.000000000000000000,29220452.000000000000000000,365861.000000000000000000,1008430.000000000000000000,412899.000000000000000000,2514062.000000000000000000,19385271.000000000000000000,1541562.000000000000000000
[13462891.6572108008,2553285.3319260404] "cat: 42" 1:(9) => 130777.000000000000000000,247691.000000000000000000,152.000000000000000000,5077.000000000000000000,15042.000000000000000000,44.000000000000000000,478.000000000000000000,0.000000000000000000,17274.000000000000000000
[-8136508.3427891992,430185.3319260404] "cat: 43" 1:(9) => 1568516.000000000000000000,8264083.000000000000000000,1681487.000000000000000000,268912.000000000000000000,24564.000000000000000000,610349.000000000000000000,59668.000000000000000000,3584.000000000000000000,172877.000000000000000000
[4864291.6572108008,-1307714.6680739596] "cat: 44" 1:(9) => 1997.000000000000000000,15489.000000000000000000,98.000000000000000000,0.000000000000000000,242.000000000000000000,205.000000000000000000,0.000000000000000000,0.000000000000000000,3194.000000000000000000
[5025991.6572108008,-1406114.6680739596] "cat: 45" 1:(9) => 73.000000000000000000,3963.000000000000000000,5.000000000000000000,2.000000000000000000,28.000000000000000000,0.000000000000000000,0.000000000000000000,0.000000000000000000,1869.000000000000000000
[1696891.6572108008,-91814.6680739596] "cat: 46" 1:(9) => 387653.000000000000000000,3107854.000000000000000000,136367.000000000000000000,9406.000000000000000000,2653.000000000000000000,113924.000000000000000000,0.000000000000000000,23.000000000000000000,39843.000000000000000000
[2632891.6572108008,-315014.6680739596] "cat: 47" 1:(9) => 2969798.000000000000000000,20943433.000000000000000000,421369.000000000000000000,544021.000000000000000000,18364.000000000000000000,492666.000000000000000000,305.000000000000000000,3682.000000000000000000,474872.000000000000000000
[-17749108.3427891992,-1841714.6680739596] "cat: 48" 1:(9) => 1195.000000000000000000,1100.000000000000000000,0.000000000000000000,0.000000000000000000,2.000000000000000000,0.000000000000000000,275.000000000000000000,0.000000000000000000,3459.000000000000000000
[-9373408.3427891992,1096485.3319260404] "cat: 49" 1:(9) => 162042.000000000000000000,395847.000000000000000000,2266.000000000000000000,376.000000000000000000,4364.000000000000000000,52.000000000000000000,0.000000000000000000,274.000000000000000000,14767.000000000000000000
[1821691.6572108008,4486785.3319260404] "cat: 50" 1:(9) => 269070.000000000000000000,292646.000000000000000000,34946.000000000000000000,2941.000000000000000000,9139.000000000000000000,10611.000000000000000000,3762.000000000000000000,1132.000000000000000000,34781.000000000000000000
[-8800408.3427891992,2336985.3319260404] "cat: 51" 1:(9) => 583054.000000000000000000,503283.000000000000000000,73444.000000000000000000,22651.000000000000000000,8348.000000000000000000,348.000000000000000000,118.000000000000000000,76.000000000000000000,115076.000000000000000000
[3699391.6572108008,3644085.3319260404] "cat: 52" 1:(9) => 44788.000000000000000000,25926.000000000000000000,707.000000000000000000,65.000000000000000000,3320.000000000000000000,3762.000000000000000000,15101.000000000000000000,8340.000000000000000000,5162.000000000000000000
[1707091.6572108008,4846785.3319260404] "cat: 53" 1:(9) => 435433.000000000000000000,325662.000000000000000000,66101.000000000000000000,874.000000000000000000,38603.000000000000000000,0.000000000000000000,517.000000000000000000,46.000000000000000000,6581.000000000000000000
[260191.6572108008,1061385.3319260404] "cat: 54" 1:(9) => 523158.000000000000000000,411540.000000000000000000,145.000000000000000000,369.000000000000000000,4270.000000000000000000,338309.000000000000000000,6.000000000000000000,27.000000000000000000,5135.000000000000000000
[1122091.6572108008,5264085.3319260404] "cat: 55" 1:(9) => 351856.000000000000000000,59786.000000000000000000,32139.000000000000000000,7488.000000000000000000,19128.000000000000000000,0.000000000000000000,144.000000000000000000,666.000000000000000000,38631.000000000000000000
[-6829708.3427891992,1686885.3319260404] "cat: 56" 1:(9) => 29.000000000000000000,8118.000000000000000000,14.000000000000000000,0.000000000000000000,36.000000000000000000,0.000000000000000000,29.000000000000000000,0.000000000000000000,1076.000000000000000000
[-7846708.3427891992,2052285.3319260404] "cat: 57" 1:(9) => 177209.000000000000000000,257842.000000000000000000,62884.000000000000000000,22635.000000000000000000,7213.000000000000000000,278.000000000000000000,224.000000000000000000,43.000000000000000000,15246.000000000000000000
[-8774008.3427891992,-157214.6680739596] "cat: 58" 1:(9) => 420744.000000000000000000,1899690.000000000000000000,146774.000000000000000000,12802.000000000000000000,10801.000000000000000000,276621.000000000000000000,3883.000000000000000000,40822.000000000000000000,58843.000000000000000000
[-9892408.3427891992,1503585.3319260404] "cat: 59" 1:(9) => 54980.000000000000000000,162180.000000000000000000,477.000000000000000000,164.000000000000000000,3079.000000000000000000,1977.000000000000000000,0.000000000000000000,147.000000000000000000,7477.000000000000000000
[1148191.6572108008,188985.3319260404] "cat: 60" 1:(9) => 30975.000000000000000000,266199.000000000000000000,28.000000000000000000,102.000000000000000000,476.000000000000000000,72.000000000000000000,0.000000000000000000,0.000000000000000000,5062.000000000000000000
[4412791.6572108008,947985.3319260404] "cat: 61" 1:(9) => 3069571.000000000000000000,2477289.000000000000000000,936875.000000000000000000,18554.000000000000000000,6353.000000000000000000,5124629.000000000000000000,36974.000000000000000000,812346.000000000000000000,84118.000000000000000000
[4325491.6572108008,1681485.3319260404] "cat: 62" 1:(9) => 273954.000000000000000000,32631.000000000000000000,253596.000000000000000000,3047.000000000000000000,1497.000000000000000000,141966.000000000000000000,87937.000000000000000000,533457.000000000000000000,24058.000000000000000000
[2838391.6572108008,5429085.3319260404] "cat: 63" 1:(9) => 127420.000000000000000000,301488.000000000000000000,25790.000000000000000000,21291.000000000000000000,3079.000000000000000000,27.000000000000000000,260.000000000000000000,142.000000000000000000,39582.000000000000000000
[-766108.3427891992,5616885.3319260404] "cat: 64" 1:(9) => 325.000000000000000000,1692.000000000000000000,11800.000000000000000000,488.000000000000000000,0.000000000000000000,1211.000000000000000000,778.000000000000000000,73.000000000000000000,3495.000000000000000000
[-6616108.3427891992,-4988414.6680739596] "cat: 65" 1:(9) => 13.000000000000000000,9057.000000000000000000,116840.000000000000000000,13.000000000000000000,1.000000000000000000,2641.000000000000000000,1131.000000000000000000,1001.000000000000000000,34865.000000000000000000
[17148391.6572108008,-1899614.6680739596] "cat: 66" 1:(9) => 61129.000000000000000000,146977.000000000000000000,0.000000000000000000,0.000000000000000000,366.000000000000000000,0.000000000000000000,677.000000000000000000,0.000000000000000000,29104.000000000000000000
[2912491.6572108008,5717985.3319260404] "cat: 67" 1:(9) => 311759.000000000000000000,2708165.000000000000000000,15843.000000000000000000,272473.000000000000000000,6280.000000000000000000,3341.000000000000000000,61133.000000000000000000,2667.000000000000000000,410583.000000000000000000
[2255191.6572108008,5517585.3319260404] "cat: 68" 1:(9) => 2390.000000000000000000,12667.000000000000000000,0.000000000000000000,112.000000000000000000,32.000000000000000000,0.000000000000000000,81.000000000000000000,203.000000000000000000,13231.000000000000000000
[284191.6572108008,4601685.3319260404] "cat: 69" 1:(9) => 3104529.000000000000000000,1650405.000000000000000000,1007299.000000000000000000,20348.000000000000000000,189225.000000000000000000,34882.000000000000000000,28859.000000000000000000,29016.000000000000000000,72299.000000000000000000
[-5925508.3427891992,434685.3319260404] "cat: 70" 1:(9) => 2467.000000000000000000,907251.000000000000000000,1050.000000000000000000,4236.000000000000000000,1323.000000000000000000,159.000000000000000000,3.000000000000000000,0.000000000000000000,12010.000000000000000000
[-16091908.3427891992,-1759214.6680739596] "cat: 71" 1:(9) => 19898.000000000000000000,12855.000000000000000000,0.000000000000000000,0.000000000000000000,70.000000000000000000,0.000000000000000000,7831.000000000000000000,0.000000000000000000,54175.000000000000000000
[4740391.6572108008,1288785.3319260404] "cat: 72" 1:(9) => 513.000000000000000000,150.000000000000000000,7616.000000000000000000,10505.000000000000000000,189.000000000000000000,2475.000000000000000000,5369.000000000000000000,211928.000000000000000000,4765.000000000000000000
[1311091.6572108008,-68714.6680739596] "cat: 73" 1:(9) => 147164.000000000000000000,2643171.000000000000000000,52286.000000000000000000,2138.000000000000000000,2127.000000000000000000,57499.000000000000000000,1.000000000000000000,0.000000000000000000,45389.000000000000000000
[4844791.6572108008,4261785.3319260404] "cat: 74" 1:(9) => 272453.000000000000000000,372233.000000000000000000,63436.000000000000000000,1060.000000000000000000,9753.000000000000000000,31102.000000000000000000,5613.000000000000000000,17047.000000000000000000,5146.000000000000000000
[-1713508.3427891992,1473585.3319260404] "cat: 75" 1:(9) => 75589.000000000000000000,26817.000000000000000000,35.000000000000000000,474.000000000000000000,1016.000000000000000000,11637.000000000000000000,0.000000000000000000,169.000000000000000000,5632.000000000000000000
[3918991.6572108008,3353385.3319260404] "cat: 76" 1:(9) => 33604.000000000000000000,4297.000000000000000000,15.000000000000000000,0.000000000000000000,2732.000000000000000000,107.000000000000000000,12796.000000000000000000,13296.000000000000000000,2456.000000000000000000
[1155991.6572108008,4937985.3319260404] "cat: 77" 1:(9) => 1829195.000000000000000000,1269894.000000000000000000,536727.000000000000000000,14194.000000000000000000,270446.000000000000000000,0.000000000000000000,2433.000000000000000000,2045.000000000000000000,60709.000000000000000000
[-134608.3427891992,876585.3319260404] "cat: 78" 1:(9) => 1248171.000000000000000000,934639.000000000000000000,500.000000000000000000,1181.000000000000000000,21005.000000000000000000,369583.000000000000000000,58.000000000000000000,653.000000000000000000,77363.000000000000000000
[-595708.3427891992,3742185.3319260404] "cat: 79" 1:(9) => 6.000000000000000000,19.000000000000000000,0.000000000000000000,0.000000000000000000,62.000000000000000000,4.000000000000000000,0.000000000000000000,0.000000000000000000,98.000000000000000000
[768691.6572108008,26085.3319260404] "cat: 80" 1:(9) => 6107.000000000000000000,105.000000000000000000,0.000000000000000000,0.000000000000000000,9.000000000000000000,0.000000000000000000,1387.000000000000000000,0.000000000000000000,15793.000000000000000000
[2565391.6572108008,3987885.3319260404] "cat: 81" 1:(9) => 613018.000000000000000000,415579.000000000000000000,81748.000000000000000000,3017.000000000000000000,19408.000000000000000000,275034.000000000000000000,8035.000000000000000000,30965.000000000000000000,103422.000000000000000000
[-4627108.3427891992,6049185.3319260404] "cat: 82" 1:(9) => 0.000000000000000000,21571.000000000000000000,382625.000000000000000000,12051.000000000000000000,18.000000000000000000,97528.000000000000000000,3342399.000000000000000000,19662776.000000000000000000,809492.000000000000000000
[-6862108.3427891992,1336785.3319260404] "cat: 83" 1:(9) => 93.000000000000000000,3377.000000000000000000,248.000000000000000000,6.000000000000000000,101.000000000000000000,0.000000000000000000,0.000000000000000000,0.000000000000000000,1551.000000000000000000
[-6849808.3427891992,1767585.3319260404] "cat: 84" 1:(9) => 3762.000000000000000000,12716.000000000000000000,486.000000000000000000,370.000000000000000000,482.000000000000000000,0.000000000000000000,8.000000000000000000,0.000000000000000000,3260.000000000000000000
[16116091.6572108008,1473285.3319260404] "cat: 85" 1:(9) => 508.000000000000000000,16.000000000000000000,5471.000000000000000000,0.000000000000000000,11.000000000000000000,0.000000000000000000,2.000000000000000000,0.000000000000000000,1216.000000000000000000
[-10058608.3427891992,1713585.3319260404] "cat: 86" 1:(9) => 332711.000000000000000000,786644.000000000000000000,64646.000000000000000000,2121.000000000000000000,7637.000000000000000000,4604.000000000000000000,0.000000000000000000,244.000000000000000000,16887.000000000000000000
[-1218208.3427891992,1147185.3319260404] "cat: 87" 1:(9) => 616433.000000000000000000,1774169.000000000000000000,150.000000000000000000,130.000000000000000000,4160.000000000000000000,312283.000000000000000000,0.000000000000000000,220.000000000000000000,18752.000000000000000000
[-6565408.3427891992,529485.3319260404] "cat: 88" 1:(9) => 35323.000000000000000000,2154059.000000000000000000,15122.000000000000000000,15718.000000000000000000,2146.000000000000000000,97166.000000000000000000,250.000000000000000000,414.000000000000000000,16583.000000000000000000
[-8093008.3427891992,2056785.3319260404] "cat: 89" 1:(9) => 57240.000000000000000000,45952.000000000000000000,156340.000000000000000000,32861.000000000000000000,3416.000000000000000000,31.000000000000000000,688.000000000000000000,2.000000000000000000,15691.000000000000000000
[1386391.6572108008,4239885.3319260404] "cat: 90" 1:(9) => 0.000000000000000000,0.000000000000000000,0.000000000000000000,0.000000000000000000,8.000000000000000000,0.000000000000000000,0.000000000000000000,0.000000000000000000,0.000000000000000000
[-9641608.3427891992,1621185.3319260404] "cat: 91" 1:(9) => 284897.000000000000000000,881069.000000000000000000,62144.000000000000000000,1668.000000000000000000,4271.000000000000000000,1947.000000000000000000,16.000000000000000000,59.000000000000000000,22054.000000000000000000
[12705991.6572108008,2412885.3319260404] "cat: 92" 1:(9) => 2959.000000000000000000,5975.000000000000000000,165.000000000000000000,79.000000000000000000,2331.000000000000000000,117.000000000000000000,7.000000000000000000,1.000000000000000000,5237.000000000000000000
[2159791.6572108008,4656585.3319260404] "cat: 93" 1:(9) => 704678.000000000000000000,191436.000000000000000000,73523.000000000000000000,5872.000000000000000000,41593.000000000000000000,0.000000000000000000,176.000000000000000000,124.000000000000000000,15557.000000000000000000
[-2073508.3427891992,5761485.3319260404] "cat: 94" 1:(9) => 0.000000000000000000,321.000000000000000000,269772.000000000000000000,81042.000000000000000000,504.000000000000000000,2428.000000000000000000,406923.000000000000000000,348816.000000000000000000,57537.000000000000000000
[8861491.6572108008,2431185.3319260404] "cat: 95" 1:(9) => 24166177.000000000000000000,6566368.000000000000000000,1341860.000000000000000000,212075.000000000000000000,222796.000000000000000000,1302321.000000000000000000,67843.000000000000000000,591343.000000000000000000,645731.000000000000000000
[13061791.6572108008,-246914.6680739596] "cat: 96" 1:(9) => 7229147.000000000000000000,13075561.000000000000000000,67451.000000000000000000,0.000000000000000000,154508.000000000000000000,10716.000000000000000000,199291.000000000000000000,0.000000000000000000,823132.000000000000000000
[6053791.6572108008,3395685.3319260404] "cat: 97" 1:(9) => 3472688.000000000000000000,215209.000000000000000000,493732.000000000000000000,11774.000000000000000000,48657.000000000000000000,595491.000000000000000000,1301420.000000000000000000,11808710.000000000000000000,98484.000000000000000000
[4872091.6572108008,3448785.3319260404] "cat: 98" 1:(9) => 1049373.000000000000000000,3196.000000000000000000,30637.000000000000000000,3629.000000000000000000,17240.000000000000000000,16999.000000000000000000,40800.000000000000000000,3732032.000000000000000000,54748.000000000000000000
[-911308.3427891992,5084385.3319260404] "cat: 99" 1:(9) => 62430.000000000000000000,61057.000000000000000000,525063.000000000000000000,96778.000000000000000000,9920.000000000000000000,10.000000000000000000,2866.000000000000000000,3251.000000000000000000,45902.000000000000000000
[3898291.6572108008,3310785.3319260404] "cat: 100" 1:(9) => 83288.000000000000000000,8279.000000000000000000,218.000000000000000000,10.000000000000000000,8567.000000000000000000,347.000000000000000000,9520.000000000000000000,133212.000000000000000000,6669.000000000000000000
[1352191.6572108008,4297185.3319260404] "cat: 101" 1:(9) => 1801604.000000000000000000,981456.000000000000000000,215939.000000000000000000,4001.000000000000000000,133701.000000000000000000,66810.000000000000000000,27037.000000000000000000,78792.000000000000000000,79925.000000000000000000
[-618508.3427891992,839685.3319260404] "cat: 102" 1:(9) => 1845016.000000000000000000,1345085.000000000000000000,180.000000000000000000,205.000000000000000000,14562.000000000000000000,337365.000000000000000000,0.000000000000000000,0.000000000000000000,34082.000000000000000000
[-8606008.3427891992,1974885.3319260404] "cat: 103" 1:(9) => 20213.000000000000000000,88824.000000000000000000,8546.000000000000000000,796.000000000000000000,2851.000000000000000000,5.000000000000000000,16.000000000000000000,0.000000000000000000,5686.000000000000000000
[15323191.6572108008,3831885.3319260404] "cat: 104" 1:(9) => 1069879.000000000000000000,2783423.000000000000000000,6186.000000000000000000,8690.000000000000000000,213956.000000000000000000,0.000000000000000000,892.000000000000000000,501.000000000000000000,198577.000000000000000000
[7482391.6572108008,4711485.3319260404] "cat: 105" 1:(9) => 6836346.000000000000000000,587204.000000000000000000,9190626.000000000000000000,132771.000000000000000000,36776.000000000000000000,1918791.000000000000000000,6893543.000000000000000000,4010713.000000000000000000,745733.000000000000000000
[4094491.6572108008,3289185.3319260404] "cat: 106" 1:(9) => 61251.000000000000000000,351.000000000000000000,249.000000000000000000,7.000000000000000000,4375.000000000000000000,42.000000000000000000,18050.000000000000000000,900574.000000000000000000,5338.000000000000000000
[4209991.6572108008,65985.3319260404] "cat: 107" 1:(9) => 1609434.000000000000000000,971243.000000000000000000,1615111.000000000000000000,106770.000000000000000000,2867.000000000000000000,1885677.000000000000000000,30108.000000000000000000,213678.000000000000000000,142237.000000000000000000
[14152891.6572108008,4087785.3319260404] "cat: 108" 1:(9) => 466546.000000000000000000,847360.000000000000000000,6724.000000000000000000,856.000000000000000000,8750.000000000000000000,8336.000000000000000000,2954.000000000000000000,3362.000000000000000000,36144.000000000000000000
[14220991.6572108008,3755085.3319260404] "cat: 109" 1:(9) => 493727.000000000000000000,543975.000000000000000000,6514.000000000000000000,1259.000000000000000000,22583.000000000000000000,10756.000000000000000000,7966.000000000000000000,7007.000000000000000000,80878.000000000000000000
[5301391.6572108008,3109185.3319260404] "cat: 110" 1:(9) => 4171.000000000000000000,0.000000000000000000,0.000000000000000000,2533.000000000000000000,3960.000000000000000000,356.000000000000000000,1330.000000000000000000,181919.000000000000000000,2943.000000000000000000
[8296891.6572108008,4201485.3319260404] "cat: 111" 1:(9) => 555955.000000000000000000,144938.000000000000000000,888924.000000000000000000,0.000000000000000000,5917.000000000000000000,33498.000000000000000000,238914.000000000000000000,269022.000000000000000000,79817.000000000000000000
[11553391.6572108008,2006985.3319260404] "cat: 112" 1:(9) => 468817.000000000000000000,1431531.000000000000000000,7011.000000000000000000,9421.000000000000000000,1061.000000000000000000,611749.000000000000000000,0.000000000000000000,0.000000000000000000,23809.000000000000000000
[3995491.6572108008,3540285.3319260404] "cat: 113" 1:(9) => 68074.000000000000000000,3718.000000000000000000,107.000000000000000000,0.000000000000000000,2770.000000000000000000,21158.000000000000000000,13801.000000000000000000,5895.000000000000000000,1791.000000000000000000
[3144991.6572108008,-3130514.6680739596] "cat: 114" 1:(9) => 84541.000000000000000000,42004.000000000000000000,146719.000000000000000000,101.000000000000000000,574.000000000000000000,63317.000000000000000000,23.000000000000000000,79.000000000000000000,750.000000000000000000
[2774791.6572108008,5320785.3319260404] "cat: 115" 1:(9) => 215830.000000000000000000,418050.000000000000000000,53239.000000000000000000,14792.000000000000000000,3805.000000000000000000,0.000000000000000000,13.000000000000000000,90.000000000000000000,15479.000000000000000000
[-1036108.3427891992,710685.3319260404] "cat: 116" 1:(9) => 565234.000000000000000000,489859.000000000000000000,224.000000000000000000,249.000000000000000000,2490.000000000000000000,2852.000000000000000000,0.000000000000000000,0.000000000000000000,8788.000000000000000000
[2010091.6572108008,2871285.3319260404] "cat: 117" 1:(9) => 241778.000000000000000000,14088.000000000000000000,907.000000000000000000,2635.000000000000000000,9834.000000000000000000,22017.000000000000000000,426716.000000000000000000,17231858.000000000000000000,17070.000000000000000000
[1063291.6572108008,4655685.3319260404] "cat: 118" 1:(9) => 161.000000000000000000,1117.000000000000000000,345.000000000000000000,1.000000000000000000,114.000000000000000000,0.000000000000000000,8.000000000000000000,31.000000000000000000,8.000000000000000000
[2661091.6572108008,5225985.3319260404] "cat: 119" 1:(9) => 415393.000000000000000000,248309.000000000000000000,33508.000000000000000000,3589.000000000000000000,8064.000000000000000000,0.000000000000000000,70.000000000000000000,118.000000000000000000,14244.000000000000000000
[678091.6572108008,4850085.3319260404] "cat: 120" 1:(9) => 10526.000000000000000000,9411.000000000000000000,6803.000000000000000000,2.000000000000000000,1694.000000000000000000,0.000000000000000000,7.000000000000000000,0.000000000000000000,69.000000000000000000
[12641491.6572108008,2391285.3319260404] "cat: 121" 1:(9) => 108.000000000000000000,12.000000000000000000,7.000000000000000000,20.000000000000000000,152.000000000000000000,0.000000000000000000,0.000000000000000000,0.000000000000000000,177.000000000000000000
[5200891.6572108008,-2091614.6680739596] "cat: 122" 1:(9) => 897426.000000000000000000,2903643.000000000000000000,2626153.000000000000000000,37240.000000000000000000,4391.000000000000000000,10553.000000000000000000,6803.000000000000000000,39050.000000000000000000,94016.000000000000000000
[3817891.6572108008,-1446314.6680739596] "cat: 123" 1:(9) => 687246.000000000000000000,272379.000000000000000000,25510.000000000000000000,25038.000000000000000000,2563.000000000000000000,29844.000000000000000000,39.000000000000000000,1435.000000000000000000,267205.000000000000000000
[12213691.6572108008,419985.3319260404] "cat: 124" 1:(9) => 1148419.000000000000000000,2440920.000000000000000000,26.000000000000000000,0.000000000000000000,33284.000000000000000000,2987.000000000000000000,1748.000000000000000000,0.000000000000000000,87843.000000000000000000
[8149291.6572108008,423285.3319260404] "cat: 125" 1:(9) => 663.000000000000000000,59.000000000000000000,5.000000000000000000,0.000000000000000000,25.000000000000000000,89.000000000000000000,140.000000000000000000,26.000000000000000000,20205.000000000000000000
[-395308.3427891992,1880985.3319260404] "cat: 126" 1:(9) => 2915525.000000000000000000,252016.000000000000000000,1509170.000000000000000000,33290.000000000000000000,3461.000000000000000000,862761.000000000000000000,498266.000000000000000000,7775382.000000000000000000,42127.000000000000000000
[1602691.6572108008,3723285.3319260404] "cat: 127" 1:(9) => 1954.000000000000000000,3.000000000000000000,0.000000000000000000,0.000000000000000000,866.000000000000000000,13.000000000000000000,50.000000000000000000,558.000000000000000000,1087.000000000000000000
[-6791908.3427891992,1602885.3319260404] "cat: 128" 1:(9) => 2573.000000000000000000,9064.000000000000000000,0.000000000000000000,32.000000000000000000,428.000000000000000000,0.000000000000000000,0.000000000000000000,0.000000000000000000,2447.000000000000000000
[-1152508.3427891992,2186985.3319260404] "cat: 129" 1:(9) => 271101.000000000000000000,15706.000000000000000000,1264524.000000000000000000,21524.000000000000000000,3071.000000000000000000,60230.000000000000000000,533430.000000000000000000,9392100.000000000000000000,14193.000000000000000000
[6458791.6572108008,-2159414.6680739596] "cat: 130" 1:(9) => 13301.000000000000000000,7224.000000000000000000,46.000000000000000000,3.000000000000000000,1282.000000000000000000,26.000000000000000000,4.000000000000000000,8.000000000000000000,3934.000000000000000000
[-11396308.3427891992,2549985.3319260404] "cat: 131" 1:(9) => 3582999.000000000000000000,8086889.000000000000000000,1689239.000000000000000000,7987.000000000000000000,131242.000000000000000000,7701696.000000000000000000,6744.000000000000000000,311882.000000000000000000,292990.000000000000000000
[826591.6572108008,4389285.3319260404] "cat: 132" 1:(9) => 0.000000000000000000,0.000000000000000000,0.000000000000000000,0.000000000000000000,19.000000000000000000,0.000000000000000000,0.000000000000000000,0.000000000000000000,23.000000000000000000
[11477191.6572108008,4621785.3319260404] "cat: 133" 1:(9) => 1121019.000000000000000000,948983.000000000000000000,3465031.000000000000000000,41304.000000000000000000,6743.000000000000000000,96787.000000000000000000,3854721.000000000000000000,7704909.000000000000000000,163312.000000000000000000
[3169891.6572108008,4658985.3319260404] "cat: 134" 1:(9) => 318180.000000000000000000,28446.000000000000000000,1369.000000000000000000,494.000000000000000000,23355.000000000000000000,0.000000000000000000,30.000000000000000000,0.000000000000000000,3603.000000000000000000
[2142691.6572108008,4312185.3319260404] "cat: 135" 1:(9) => 28116.000000000000000000,101171.000000000000000000,16602.000000000000000000,1125.000000000000000000,883.000000000000000000,377.000000000000000000,945.000000000000000000,386.000000000000000000,4454.000000000000000000
[-6923008.3427891992,1825785.3319260404] "cat: 136" 1:(9) => 117.000000000000000000,818.000000000000000000,0.000000000000000000,113.000000000000000000,0.000000000000000000,0.000000000000000000,49.000000000000000000,0.000000000000000000,315.000000000000000000
[-703108.3427891992,3341685.3319260404] "cat: 137" 1:(9) => 1039938.000000000000000000,221770.000000000000000000,7028.000000000000000000,8.000000000000000000,18270.000000000000000000,162702.000000000000000000,1071932.000000000000000000,2064016.000000000000000000,20395.000000000000000000
[3961891.6572108008,-1866914.6680739596] "cat: 138" 1:(9) => 1257766.000000000000000000,5061909.000000000000000000,318914.000000000000000000,198951.000000000000000000,6246.000000000000000000,1669377.000000000000000000,4707.000000000000000000,66527.000000000000000000,187702.000000000000000000
[6243391.6572108008,2225385.3319260404] "cat: 139" 1:(9) => 35580.000000000000000000,4135.000000000000000000,0.000000000000000000,467.000000000000000000,3615.000000000000000000,6389.000000000000000000,200572.000000000000000000,3181921.000000000000000000,20238.000000000000000000
[1915591.6572108008,-2377814.6680739596] "cat: 140" 1:(9) => 310137.000000000000000000,855865.000000000000000000,4207188.000000000000000000,15056.000000000000000000,7849.000000000000000000,1697596.000000000000000000,321681.000000000000000000,1684739.000000000000000000,65999.000000000000000000
[18582991.6572108008,-58214.6680739596] "cat: 141" 1:(9) => 226.000000000000000000,0.000000000000000000,0.000000000000000000,0.000000000000000000,0.000000000000000000,0.000000000000000000,15.000000000000000000,0.000000000000000000,128.000000000000000000
[9346291.6572108008,3001485.3319260404] "cat: 142" 1:(9) => 485379.000000000000000000,757374.000000000000000000,311013.000000000000000000,247.000000000000000000,2851.000000000000000000,4418.000000000000000000,1203.000000000000000000,75002.000000000000000000,3479.000000000000000000
[619891.6572108008,5024085.3319260404] "cat: 143" 1:(9) => 157051.000000000000000000,40085.000000000000000000,132870.000000000000000000,7624.000000000000000000,43507.000000000000000000,0.000000000000000000,231.000000000000000000,1027.000000000000000000,43709.000000000000000000
[-7677508.3427891992,1338285.3319260404] "cat: 144" 1:(9) => 159.000000000000000000,1694.000000000000000000,778.000000000000000000,151.000000000000000000,552.000000000000000000,1242.000000000000000000,29.000000000000000000,0.000000000000000000,1398.000000000000000000
[-7789108.3427891992,1372785.3319260404] "cat: 145" 1:(9) => 168.000000000000000000,7.000000000000000000,305.000000000000000000,35.000000000000000000,38.000000000000000000,1244.000000000000000000,138.000000000000000000,0.000000000000000000,576.000000000000000000
[-7019908.3427891992,1962285.3319260404] "cat: 146" 1:(9) => 14.000000000000000000,127.000000000000000000,73.000000000000000000,82.000000000000000000,40.000000000000000000,0.000000000000000000,0.000000000000000000,0.000000000000000000,284.000000000000000000
[-7514608.3427891992,1424085.3319260404] "cat: 147" 1:(9) => 67.000000000000000000,1319.000000000000000000,591.000000000000000000,195.000000000000000000,22.000000000000000000,618.000000000000000000,208.000000000000000000,4.000000000000000000,1584.000000000000000000
[18444991.6572108008,-2302214.6680739596] "cat: 148" 1:(9) => 45098.000000000000000000,141999.000000000000000000,697.000000000000000000,0.000000000000000000,412.000000000000000000,6970.000000000000000000,11925.000000000000000000,0.000000000000000000,21897.000000000000000000
[18672391.6572108008,-1767014.6680739596] "cat: 149" 1:(9) => 8284.000000000000000000,125754.000000000000000000,2.000000000000000000,0.000000000000000000,59.000000000000000000,0.000000000000000000,72.000000000000000000,249.000000000000000000,22157.000000000000000000
[19062691.6572108008,-4202114.6680739596] "cat: 150" 1:(9) => 72924.000000000000000000,930842.000000000000000000,1576672.000000000000000000,14134.000000000000000000,30265.000000000000000000,180763.000000000000000000,19124.000000000000000000,121664.000000000000000000,212520.000000000000000000
[-9466408.3427891992,1407885.3319260404] "cat: 151" 1:(9) => 466690.000000000000000000,784892.000000000000000000,52023.000000000000000000,4139.000000000000000000,2498.000000000000000000,2252.000000000000000000,36.000000000000000000,304.000000000000000000,121999.000000000000000000
[1043491.6572108008,1891785.3319260404] "cat: 152" 1:(9) => 1119540.000000000000000000,13344.000000000000000000,1582053.000000000000000000,22255.000000000000000000,1328.000000000000000000,62963.000000000000000000,1455117.000000000000000000,8889645.000000000000000000,4638.000000000000000000
[900091.6572108008,1052685.3319260404] "cat: 153" 1:(9) => 6414891.000000000000000000,2125500.000000000000000000,306316.000000000000000000,42234.000000000000000000,54957.000000000000000000,1039129.000000000000000000,6657.000000000000000000,1805.000000000000000000,116988.000000000000000000
[-18908908.3427891992,-2069114.6680739596] "cat: 154" 1:(9) => 786.000000000000000000,2139.000000000000000000,0.000000000000000000,0.000000000000000000,7.000000000000000000,0.000000000000000000,0.000000000000000000,0.000000000000000000,460.000000000000000000
[18696391.6572108008,-3078614.6680739596] "cat: 155" 1:(9) => 336.000000000000000000,41.000000000000000000,22.000000000000000000,0.000000000000000000,0.000000000000000000,4.000000000000000000,0.000000000000000000,6.000000000000000000,253.000000000000000000
[1459291.6572108008,5695785.3319260404] "cat: 156" 1:(9) => 153431.000000000000000000,1595478.000000000000000000,422776.000000000000000000,290191.000000000000000000,36902.000000000000000000,36332.000000000000000000,674087.000000000000000000,226804.000000000000000000,313610.000000000000000000
[16207891.6572108008,1766085.3319260404] "cat: 157" 1:(9) => 2701.000000000000000000,809.000000000000000000,1761.000000000000000000,0.000000000000000000,3.000000000000000000,0.000000000000000000,6.000000000000000000,5.000000000000000000,2790.000000000000000000
[17050891.6572108008,784185.3319260404] "cat: 158" 1:(9) => 575.000000000000000000,6151.000000000000000000,0.000000000000000000,0.000000000000000000,505.000000000000000000,0.000000000000000000,34.000000000000000000,0.000000000000000000,10888.000000000000000000
[18791191.6572108008,957285.3319260404] "cat: 159" 1:(9) => 305.000000000000000000,7.000000000000000000,0.000000000000000000,0.000000000000000000,12.000000000000000000,0.000000000000000000,687.000000000000000000,0.000000000000000000,20548.000000000000000000
[14966491.6572108008,810885.3319260404] "cat: 160" 1:(9) => 761.000000000000000000,4006.000000000000000000,0.000000000000000000,0.000000000000000000,32.000000000000000000,0.000000000000000000,11.000000000000000000,0.000000000000000000,4226.000000000000000000
[7715191.6572108008,3151185.3319260404] "cat: 161" 1:(9) => 3246967.000000000000000000,308750.000000000000000000,2292312.000000000000000000,73687.000000000000000000,31778.000000000000000000,640872.000000000000000000,314022.000000000000000000,2737803.000000000000000000,81468.000000000000000000
[-8918608.3427891992,937785.3319260404] "cat: 162" 1:(9) => 261115.000000000000000000,542033.000000000000000000,6182.000000000000000000,915.000000000000000000,3134.000000000000000000,6760.000000000000000000,72.000000000000000000,545.000000000000000000,45156.000000000000000000
[16178191.6572108008,-714014.6680739596] "cat: 163" 1:(9) => 637153.000000000000000000,4375703.000000000000000000,19893.000000000000000000,0.000000000000000000,3066.000000000000000000,24.000000000000000000,47838.000000000000000000,114.000000000000000000,189829.000000000000000000
[-6502708.3427891992,-2496914.6680739596] "cat: 164" 1:(9) => 989214.000000000000000000,2127429.000000000000000000,161682.000000000000000000,340101.000000000000000000,6897.000000000000000000,770492.000000000000000000,305.000000000000000000,72.000000000000000000,43296.000000000000000000
[-8279908.3427891992,-1001414.6680739596] "cat: 165" 1:(9) => 516637.000000000000000000,9144793.000000000000000000,1744523.000000000000000000,42358.000000000000000000,24361.000000000000000000,960624.000000000000000000,653511.000000000000000000,1105831.000000000000000000,190248.000000000000000000
[13676191.6572108008,1276785.3319260404] "cat: 166" 1:(9) => 2023151.000000000000000000,1156593.000000000000000000,31.000000000000000000,0.000000000000000000,17460.000000000000000000,32.000000000000000000,17006.000000000000000000,0.000000000000000000,264402.000000000000000000
[-14317108.3427891992,-2618414.6680739596] "cat: 167" 1:(9) => 487.000000000000000000,0.000000000000000000,0.000000000000000000,0.000000000000000000,0.000000000000000000,0.000000000000000000,49.000000000000000000,0.000000000000000000,546.000000000000000000
[2160991.6572108008,5010885.3319260404] "cat: 168" 1:(9) => 2035540.000000000000000000,1106989.000000000000000000,181272.000000000000000000,10487.000000000000000000,83781.000000000000000000,0.000000000000000000,1025.000000000000000000,307.000000000000000000,53572.000000000000000000
[-961108.3427891992,4039185.3319260404] "cat: 169" 1:(9) => 525718.000000000000000000,428165.000000000000000000,9243.000000000000000000,1852.000000000000000000,24890.000000000000000000,15181.000000000000000000,1259.000000000000000000,4580.000000000000000000,25477.000000000000000000
[-1671208.3427891992,1316685.3319260404] "cat: 170" 1:(9) => 86822.000000000000000000,264399.000000000000000000,528.000000000000000000,274.000000000000000000,445.000000000000000000,10213.000000000000000000,4.000000000000000000,389.000000000000000000,28701.000000000000000000
[14010091.6572108008,-971114.6680739596] "cat: 171" 1:(9) => 138747.000000000000000000,24511.000000000000000000,47.000000000000000000,0.000000000000000000,685.000000000000000000,1.000000000000000000,376.000000000000000000,0.000000000000000000,6105.000000000000000000
[-7398208.3427891992,1981785.3319260404] "cat: 172" 1:(9) => 13608.000000000000000000,65517.000000000000000000,5323.000000000000000000,1742.000000000000000000,11811.000000000000000000,0.000000000000000000,3.000000000000000000,5.000000000000000000,7652.000000000000000000
[5698591.6572108008,2711685.3319260404] "cat: 173" 1:(9) => 2980.000000000000000000,384.000000000000000000,0.000000000000000000,6.000000000000000000,5148.000000000000000000,760.000000000000000000,1853.000000000000000000,114812.000000000000000000,4103.000000000000000000
[6181591.6572108008,-2285414.6680739596] "cat: 174" 1:(9) => 7194.000000000000000000,17449.000000000000000000,1186.000000000000000000,12.000000000000000000,1111.000000000000000000,51.000000000000000000,0.000000000000000000,411.000000000000000000,1890.000000000000000000
[2780491.6572108008,4553685.3319260404] "cat: 175" 1:(9) => 1433737.000000000000000000,861198.000000000000000000,198920.000000000000000000,32481.000000000000000000,83982.000000000000000000,0.000000000000000000,986.000000000000000000,746.000000000000000000,25982.000000000000000000
[10618891.6572108008,5482785.3319260404] "cat: 176" 1:(9) => 20734824.000000000000000000,110016465.000000000000000000,12996601.000000000000000000,9037487.000000000000000000,346408.000000000000000000,10387901.000000000000000000,14629685.000000000000000000,4162548.000000000000000000,6311853.000000000000000000
[3330991.6572108008,-221114.6680739596] "cat: 177" 1:(9) => 194929.000000000000000000,42203.000000000000000000,509.000000000000000000,8484.000000000000000000,1161.000000000000000000,16491.000000000000000000,3.000000000000000000,1.000000000000000000,16988.000000000000000000
[-6995608.3427891992,1949685.3319260404] "cat: 178" 1:(9) => 19.000000000000000000,147.000000000000000000,0.000000000000000000,8.000000000000000000,6.000000000000000000,0.000000000000000000,0.000000000000000000,2.000000000000000000,489.000000000000000000
[-1163608.3427891992,-2605214.6680739596] "cat: 179" 1:(9) => 319.000000000000000000,264.000000000000000000,1035.000000000000000000,0.000000000000000000,208.000000000000000000,111.000000000000000000,2164.000000000000000000,367.000000000000000000,1457.000000000000000000
[-6979708.3427891992,1881885.3319260404] "cat: 180" 1:(9) => 683.000000000000000000,1866.000000000000000000,190.000000000000000000,26.000000000000000000,52.000000000000000000,0.000000000000000000,0.000000000000000000,0.000000000000000000,964.000000000000000000
[-7021708.3427891992,1983585.3319260404] "cat: 181" 1:(9) => 15.000000000000000000,99.000000000000000000,526.000000000000000000,127.000000000000000000,8.000000000000000000,0.000000000000000000,0.000000000000000000,3.000000000000000000,817.000000000000000000
[-6786808.3427891992,1522485.3319260404] "cat: 182" 1:(9) => 571.000000000000000000,5924.000000000000000000,0.000000000000000000,14.000000000000000000,87.000000000000000000,0.000000000000000000,5.000000000000000000,0.000000000000000000,1191.000000000000000000
[-7019908.3427891992,1967385.3319260404] "cat: 183" 1:(9) => 27.000000000000000000,220.000000000000000000,122.000000000000000000,91.000000000000000000,12.000000000000000000,0.000000000000000000,0.000000000000000000,0.000000000000000000,443.000000000000000000
[-6267808.3427891992,4639185.3319260404] "cat: 184" 1:(9) => 0.000000000000000000,700.000000000000000000,2.000000000000000000,535.000000000000000000,33.000000000000000000,983.000000000000000000,10.000000000000000000,38.000000000000000000,1167.000000000000000000
[-6814408.3427891992,1440885.3319260404] "cat: 185" 1:(9) => 466.000000000000000000,3463.000000000000000000,23.000000000000000000,10.000000000000000000,65.000000000000000000,0.000000000000000000,0.000000000000000000,76.000000000000000000,1824.000000000000000000
[1387291.6572108008,4405785.3319260404] "cat: 186" 1:(9) => 540.000000000000000000,29.000000000000000000,0.000000000000000000,0.000000000000000000,60.000000000000000000,0.000000000000000000,0.000000000000000000,33.000000000000000000,0.000000000000000000
[750091.6572108008,52785.3319260404] "cat: 187" 1:(9) => 941.000000000000000000,9811.000000000000000000,0.000000000000000000,4.000000000000000000,134.000000000000000000,0.000000000000000000,4.000000000000000000,0.000000000000000000,1989.000000000000000000
[4962691.6572108008,2573085.3319260404] "cat: 188" 1:(9) => 299958.000000000000000000,8645.000000000000000000,250.000000000000000000,1140.000000000000000000,33546.000000000000000000,46308.000000000000000000,804234.000000000000000000,20009697.000000000000000000,42699.000000000000000000
[-1611508.3427891992,1571085.3319260404] "cat: 189" 1:(9) => 701505.000000000000000000,572745.000000000000000000,137731.000000000000000000,40519.000000000000000000,5215.000000000000000000,680221.000000000000000000,4296.000000000000000000,1176.000000000000000000,43625.000000000000000000
[2315191.6572108008,4427385.3319260404] "cat: 190" 1:(9) => 500562.000000000000000000,309267.000000000000000000,31142.000000000000000000,1264.000000000000000000,11422.000000000000000000,0.000000000000000000,200.000000000000000000,159.000000000000000000,7985.000000000000000000
[5766991.6572108008,-756014.6680739596] "cat: 191" 1:(9) => 2567.000000000000000000,1798.000000000000000000,85.000000000000000000,0.000000000000000000,27.000000000000000000,10.000000000000000000,41.000000000000000000,91.000000000000000000,5845.000000000000000000
[-1313608.3427891992,942285.3319260404] "cat: 192" 1:(9) => 536068.000000000000000000,243262.000000000000000000,6148.000000000000000000,1932.000000000000000000,2621.000000000000000000,9911.000000000000000000,0.000000000000000000,559.000000000000000000,12977.000000000000000000
[11557291.6572108008,149385.3319260404] "cat: 193" 1:(9) => 3246.000000000000000000,1060.000000000000000000,0.000000000000000000,0.000000000000000000,2853.000000000000000000,0.000000000000000000,14.000000000000000000,0.000000000000000000,2443.000000000000000000
[2168191.6572108008,4772085.3319260404] "cat: 194" 1:(9) => 234702.000000000000000000,262417.000000000000000000,22325.000000000000000000,225.000000000000000000,21966.000000000000000000,0.000000000000000000,213.000000000000000000,406.000000000000000000,3151.000000000000000000
[11837191.6572108008,1798185.3319260404] "cat: 195" 1:(9) => 1770525.000000000000000000,1291970.000000000000000000,10882.000000000000000000,6831.000000000000000000,22595.000000000000000000,468410.000000000000000000,739.000000000000000000,2056.000000000000000000,121805.000000000000000000
[1649191.6572108008,4577085.3319260404] "cat: 196" 1:(9) => 59160.000000000000000000,152640.000000000000000000,7472.000000000000000000,179.000000000000000000,4458.000000000000000000,0.000000000000000000,300.000000000000000000,861.000000000000000000,715.000000000000000000
[5104891.6572108008,665985.3319260404] "cat: 197" 1:(9) => 698458.000000000000000000,392813.000000000000000000,741479.000000000000000000,6695.000000000000000000,5042.000000000000000000,3926708.000000000000000000,621693.000000000000000000,633473.000000000000000000,28078.000000000000000000
[2799091.6572108008,-3063314.6680739596] "cat: 198" 1:(9) => 1891214.000000000000000000,1065495.000000000000000000,2443684.000000000000000000,29562.000000000000000000,66771.000000000000000000,6899622.000000000000000000,1021003.000000000000000000,79660.000000000000000000,79090.000000000000000000
[3324691.6572108008,-2061014.6680739596] "cat: 199" 1:(9) => 1618158.000000000000000000,1284467.000000000000000000,166375.000000000000000000,2902.000000000000000000,5547.000000000000000000,1202201.000000000000000000,1953.000000000000000000,10337.000000000000000000,48651.000000000000000000
[-410608.3427891992,4088085.3319260404] "cat: 200" 1:(9) => 2987203.000000000000000000,1749544.000000000000000000,366443.000000000000000000,6571.000000000000000000,66045.000000000000000000,242417.000000000000000000,106950.000000000000000000,58282.000000000000000000,76427.000000000000000000
[3369991.6572108008,804885.3319260404] "cat: 201" 1:(9) => 377643.000000000000000000,2728248.000000000000000000,243190.000000000000000000,414249.000000000000000000,1142.000000000000000000,3124606.000000000000000000,0.000000000000000000,2014.000000000000000000,21507.000000000000000000
[3332791.6572108008,1737285.3319260404] "cat: 202" 1:(9) => 4190947.000000000000000000,752007.000000000000000000,2329235.000000000000000000,40566.000000000000000000,12545.000000000000000000,1621683.000000000000000000,706094.000000000000000000,10926315.000000000000000000,57312.000000000000000000
[-1465408.3427891992,2642985.3319260404] "cat: 203" 1:(9) => 843.000000000000000000,0.000000000000000000,0.000000000000000000,0.000000000000000000,194.000000000000000000,0.000000000000000000,2280.000000000000000000,2965588.000000000000000000,7622.000000000000000000
[-6224608.3427891992,457185.3319260404] "cat: 204" 1:(9) => 10687.000000000000000000,1566715.000000000000000000,1315.000000000000000000,12321.000000000000000000,1585.000000000000000000,8705.000000000000000000,0.000000000000000000,0.000000000000000000,28431.000000000000000000
[2019691.6572108008,6239385.3319260404] "cat: 205" 1:(9) => 0.000000000000000000,417.000000000000000000,668.000000000000000000,11911.000000000000000000,0.000000000000000000,7420.000000000000000000,66901.000000000000000000,576436.000000000000000000,44289.000000000000000000
[3506491.6572108008,-2835314.6680739596] "cat: 206" 1:(9) => 69994.000000000000000000,72823.000000000000000000,25262.000000000000000000,471.000000000000000000,364.000000000000000000,19431.000000000000000000,33.000000000000000000,2878.000000000000000000,772.000000000000000000
[1839391.6572108008,5618685.3319260404] "cat: 207" 1:(9) => 407769.000000000000000000,3412319.000000000000000000,202104.000000000000000000,353893.000000000000000000,21259.000000000000000000,5202.000000000000000000,154023.000000000000000000,33269.000000000000000000,481745.000000000000000000
[917191.6572108008,4629885.3319260404] "cat: 208" 1:(9) => 67856.000000000000000000,174936.000000000000000000,127893.000000000000000000,211.000000000000000000,20053.000000000000000000,0.000000000000000000,12728.000000000000000000,40632.000000000000000000,19389.000000000000000000
[4287991.6572108008,3639885.3319260404] "cat: 209" 1:(9) => 615698.000000000000000000,24047.000000000000000000,3486.000000000000000000,40.000000000000000000,13898.000000000000000000,2208.000000000000000000,87245.000000000000000000,1311630.000000000000000000,15130.000000000000000000
[7908391.6572108008,3951885.3319260404] "cat: 210" 1:(9) => 347457.000000000000000000,10377.000000000000000000,708871.000000000000000000,653.000000000000000000,4238.000000000000000000,53537.000000000000000000,61134.000000000000000000,376292.000000000000000000,15101.000000000000000000
[11243791.6572108008,1640685.3319260404] "cat: 211" 1:(9) => 3892911.000000000000000000,1420991.000000000000000000,21810.000000000000000000,1447.000000000000000000,29748.000000000000000000,252749.000000000000000000,3462.000000000000000000,21.000000000000000000,129009.000000000000000000
[108691.6572108008,938985.3319260404] "cat: 212" 1:(9) => 311766.000000000000000000,233550.000000000000000000,85.000000000000000000,134.000000000000000000,2625.000000000000000000,82892.000000000000000000,2.000000000000000000,12.000000000000000000,2704.000000000000000000
[-19122808.3427891992,-1000514.6680739596] "cat: 213" 1:(9) => 0.000000000000000000,0.000000000000000000,0.000000000000000000,0.000000000000000000,1.000000000000000000,0.000000000000000000,0.000000000000000000,0.000000000000000000,1160.000000000000000000
[-19449808.3427891992,-2137214.6680739596] "cat: 214" 1:(9) => 3962.000000000000000000,3591.000000000000000000,0.000000000000000000,0.000000000000000000,10.000000000000000000,0.000000000000000000,38.000000000000000000,0.000000000000000000,6792.000000000000000000
[-6819508.3427891992,1153185.3319260404] "cat: 215" 1:(9) => 12187.000000000000000000,41523.000000000000000000,797.000000000000000000,186.000000000000000000,1779.000000000000000000,155.000000000000000000,9.000000000000000000,0.000000000000000000,4912.000000000000000000
[6027991.6572108008,2565285.3319260404] "cat: 216" 1:(9) => 27338.000000000000000000,4348.000000000000000000,0.000000000000000000,288.000000000000000000,30766.000000000000000000,979.000000000000000000,38026.000000000000000000,783120.000000000000000000,11092.000000000000000000
[1067191.6572108008,3554385.3319260404] "cat: 217" 1:(9) => 510565.000000000000000000,42158.000000000000000000,174.000000000000000000,49.000000000000000000,11376.000000000000000000,8717.000000000000000000,155913.000000000000000000,987009.000000000000000000,15647.000000000000000000
[3912991.6572108008,3995685.3319260404] "cat: 218" 1:(9) => 4859256.000000000000000000,2117600.000000000000000000,865042.000000000000000000,23594.000000000000000000,71167.000000000000000000,68899.000000000000000000,356901.000000000000000000,172996.000000000000000000,181939.000000000000000000
[6591391.6572108008,4006185.3319260404] "cat: 219" 1:(9) => 512995.000000000000000000,1805.000000000000000000,125903.000000000000000000,139.000000000000000000,3981.000000000000000000,742682.000000000000000000,143846.000000000000000000,3634244.000000000000000000,280851.000000000000000000
[-7994308.3427891992,2347785.3319260404] "cat: 220" 1:(9) => 404.000000000000000000,4797.000000000000000000,958.000000000000000000,3267.000000000000000000,13.000000000000000000,0.000000000000000000,6.000000000000000000,3.000000000000000000,5878.000000000000000000
[19863691.6572108008,-877214.6680739596] "cat: 221" 1:(9) => 174.000000000000000000,2.000000000000000000,0.000000000000000000,0.000000000000000000,1.000000000000000000,0.000000000000000000,20.000000000000000000,0.000000000000000000,2075.000000000000000000
[3605491.6572108008,141585.3319260404] "cat: 222" 1:(9) => 1316610.000000000000000000,575150.000000000000000000,86874.000000000000000000,40897.000000000000000000,5349.000000000000000000,246111.000000000000000000,2.000000000000000000,15.000000000000000000,412913.000000000000000000
[3501691.6572108008,4787685.3319260404] "cat: 223" 1:(9) => 5028615.000000000000000000,1037522.000000000000000000,160654.000000000000000000,6149.000000000000000000,276545.000000000000000000,2.000000000000000000,4274.000000000000000000,2450.000000000000000000,191352.000000000000000000
[2414491.6572108008,4214085.3319260404] "cat: 224" 1:(9) => 109229.000000000000000000,123720.000000000000000000,31928.000000000000000000,216.000000000000000000,2794.000000000000000000,806.000000000000000000,1607.000000000000000000,1052.000000000000000000,5561.000000000000000000
[3327091.6572108008,2821185.3319260404] "cat: 225" 1:(9) => 538339.000000000000000000,272.000000000000000000,96.000000000000000000,123748.000000000000000000,26061.000000000000000000,10176.000000000000000000,154080.000000000000000000,10165080.000000000000000000,113229.000000000000000000
[-320308.3427891992,5141085.3319260404] "cat: 226" 1:(9) => 815833.000000000000000000,237356.000000000000000000,1272365.000000000000000000,146807.000000000000000000,148694.000000000000000000,9.000000000000000000,56926.000000000000000000,8228.000000000000000000,115907.000000000000000000
[-276808.3427891992,4829985.3319260404] "cat: 227" 1:(9) => 455.000000000000000000,116.000000000000000000,53.000000000000000000,0.000000000000000000,281.000000000000000000,0.000000000000000000,0.000000000000000000,0.000000000000000000,761.000000000000000000
[-237208.3427891992,4809285.3319260404] "cat: 228" 1:(9) => 1068.000000000000000000,40.000000000000000000,17.000000000000000000,0.000000000000000000,207.000000000000000000,0.000000000000000000,0.000000000000000000,0.000000000000000000,545.000000000000000000
[-505708.3427891992,5155485.3319260404] "cat: 229" 1:(9) => 818.000000000000000000,782.000000000000000000,4439.000000000000000000,0.000000000000000000,181.000000000000000000,0.000000000000000000,1.000000000000000000,112.000000000000000000,828.000000000000000000
[3876991.6572108008,-689414.6680739596] "cat: 230" 1:(9) => 2959504.000000000000000000,4230060.000000000000000000,342252.000000000000000000,496322.000000000000000000,8381.000000000000000000,1716865.000000000000000000,10695.000000000000000000,27801.000000000000000000,687627.000000000000000000
[-11972908.3427891992,4256085.3319260404] "cat: 231" 1:(9) => 20925947.000000000000000000,33158202.000000000000000000,18999424.000000000000000000,877414.000000000000000000,1391007.000000000000000000,20493512.000000000000000000,2882137.000000000000000000,2771664.000000000000000000,4506415.000000000000000000
[-7214008.3427891992,1961985.3319260404] "cat: 232" 1:(9) => 651.000000000000000000,1867.000000000000000000,225.000000000000000000,220.000000000000000000,678.000000000000000000,0.000000000000000000,0.000000000000000000,0.000000000000000000,2559.000000000000000000
[-194608.3427891992,1347585.3319260404] "cat: 233" 1:(9) => 2179582.000000000000000000,75872.000000000000000000,488647.000000000000000000,3180.000000000000000000,3418.000000000000000000,267275.000000000000000000,12924.000000000000000000,12293.000000000000000000,10582.000000000000000000
[-6236308.3427891992,-3434114.6680739596] "cat: 234" 1:(9) => 401363.000000000000000000,225841.000000000000000000,1228280.000000000000000000,31636.000000000000000000,6007.000000000000000000,34543.000000000000000000,146.000000000000000000,389.000000000000000000,49720.000000000000000000
[7039891.6572108008,4220985.3319260404] "cat: 235" 1:(9) => 1010306.000000000000000000,7321.000000000000000000,298693.000000000000000000,7457.000000000000000000,30363.000000000000000000,469891.000000000000000000,282522.000000000000000000,2763620.000000000000000000,97107.000000000000000000
[-7363108.3427891992,785985.3319260404] "cat: 236" 1:(9) => 1574477.000000000000000000,5637505.000000000000000000,1833064.000000000000000000,223192.000000000000000000,29272.000000000000000000,611096.000000000000000000,59579.000000000000000000,11756.000000000000000000,191949.000000000000000000
[-19713208.3427891992,-1507214.6680739596] "cat: 237" 1:(9) => 813.000000000000000000,388.000000000000000000,0.000000000000000000,0.000000000000000000,5.000000000000000000,0.000000000000000000,0.000000000000000000,0.000000000000000000,1495.000000000000000000
[-19165408.3427891992,-1506014.6680739596] "cat: 238" 1:(9) => 20654.000000000000000000,10861.000000000000000000,0.000000000000000000,0.000000000000000000,5.000000000000000000,0.000000000000000000,2.000000000000000000,0.000000000000000000,3067.000000000000000000
[5295391.6572108008,1734585.3319260404] "cat: 239" 1:(9) => 236017.000000000000000000,50779.000000000000000000,5044.000000000000000000,90.000000000000000000,2552.000000000000000000,177064.000000000000000000,571852.000000000000000000,3977010.000000000000000000,25221.000000000000000000
[3095791.6572108008,-1471214.6680739596] "cat: 240" 1:(9) => 1415228.000000000000000000,5171960.000000000000000000,131054.000000000000000000,316137.000000000000000000,6973.000000000000000000,1149681.000000000000000000,0.000000000000000000,483.000000000000000000,156642.000000000000000000
[7615891.6572108008,-4771514.6680739596] "cat: 241" 1:(9) => 287.000000000000000000,464.000000000000000000,338.000000000000000000,22.000000000000000000,0.000000000000000000,1533.000000000000000000,6880.000000000000000000,66581.000000000000000000,26587.000000000000000000
[376291.6572108008,-5168114.6680739596] "cat: 242" 1:(9) => 0.000000000000000000,0.000000000000000000,0.000000000000000000,0.000000000000000000,0.000000000000000000,0.000000000000000000,0.000000000000000000,0.000000000000000000,1092.000000000000000000
[8182591.6572108008,-5079914.6680739596] "cat: 243" 1:(9) => 0.000000000000000000,0.000000000000000000,116.000000000000000000,0.000000000000000000,0.000000000000000000,0.000000000000000000,905.000000000000000000,2788.000000000000000000,1051.000000000000000000
[8019691.6572108008,-705014.6680739596] "cat: 244" 1:(9) => 200.000000000000000000,4.000000000000000000,110.000000000000000000,0.000000000000000000,0.000000000000000000,0.000000000000000000,42.000000000000000000,0.000000000000000000,2437.000000000000000000
[-3995308.3427891992,-5184014.6680739596] "cat: 245" 1:(9) => 0.000000000000000000,0.000000000000000000,2925.000000000000000000,0.000000000000000000,0.000000000000000000,0.000000000000000000,263.000000000000000000,35064.000000000000000000,14168.000000000000000000
[12766291.6572108008,1188585.3319260404] "cat: 246" 1:(9) => 0.000000000000000000,4.000000000000000000,0.000000000000000000,0.000000000000000000,0.000000000000000000,0.000000000000000000,0.000000000000000000,0.000000000000000000,245.000000000000000000
[-11347108.3427891992,1475085.3319260404] "cat: 247" 1:(9) => 29.000000000000000000,16.000000000000000000,0.000000000000000000,0.000000000000000000,0.000000000000000000,0.000000000000000000,151.000000000000000000,0.000000000000000000,1471.000000000000000000
[2324791.6572108008,4294785.3319260404] "cat: 248" 1:(9) => 60044.000000000000000000,54081.000000000000000000,6548.000000000000000000,21.000000000000000000,1533.000000000000000000,117.000000000000000000,655.000000000000000000,644.000000000000000000,234.000000000000000000
